Date;VXX;VIXM;VIXY;VXZ
18/01/2018;27.26;20.47;22.34;16.9
19/01/2018;26.9;20.459;22.26;16.9
22/01/2018;26.5302;20.17;21.79;16.72
23/01/2018;26.95;20.45;22.14;16.95
24/01/2018;27.66;20.79;22.72;16.95
25/01/2018;27.66;20.9976;23.1;16.95
26/01/2018;27.66;20.87;22.93;16.95
29/01/2018;29.58;21.3;24.6;16.95
30/01/2018;30.55;21.61;25.38;16.95
31/01/2018;30.65;21.41;24.8;16.95
01/02/2018;29.1074;21.06;24.04;16.95
02/02/2018;32.85;21.83;27.31;16.95
05/02/2018;43.86;24.77;36.66;16.95
06/02/2018;43.1155;24.67;35.47;16.95
07/02/2018;44.54;25.5;36.87;16.95
08/02/2018;55.18;27.48;45.77;16.95
09/02/2018;50.28;26.18;41.41;16.95
12/02/2018;48.55;25.37;39.68;16.95
13/02/2018;47.97;25.63;39.72;16.95
14/02/2018;42.48;25.08;35.08;20.8299
15/02/2018;41.5;24.47;34.4;20.43
16/02/2018;42.12;24.52;34.88;20.43
20/02/2018;43.84;24.83;36.39;20.43
21/02/2018;44.5;25.16;36.87;20.38
22/02/2018;43.92;24.86;36.24;20.38
23/02/2018;40.49;23.93;33.49;20.38
26/02/2018;39.28;23.37;32.1;19.57
27/02/2018;42.41;24.31;35.12;19.57
28/02/2018;44.16;24.8;36.69;19.57
01/03/2018;47.2;25.71;39.18;21.47
02/03/2018;45.12;25.52;37.62;21.54
05/03/2018;43.46;24.98;35.87;21.54
06/03/2018;43.69;25.21;36.14;21.54
07/03/2018;43.04;25.319;35.73;21.54
08/03/2018;42.59;25.27;34.4;21.54
09/03/2018;38.25;23.94;31.67;21.54
12/03/2018;39.76;24.45;32.99;20.1205
13/03/2018;40.71;24.73;33.7;20.1205
14/03/2018;41.6;25.1;34.37;20.8
15/03/2018;40.44;24.63;33.31;20.8
16/03/2018;39.3;24.39;32.77;20.8
19/03/2018;43.37;24.93;35.82;20.8
20/03/2018;42.54;25.105;35.07;20.8501
21/03/2018;40.99;24.88;34.67;20.52
22/03/2018;47.2;25.78;39.19;20.52
23/03/2018;50;26.5;41.4;20.52
26/03/2018;46.3;25.67;38.19;20.52
27/03/2018;49.78;26.83;41.25;20.52
28/03/2018;50.095;27.32;42.15;20.52
29/03/2018;49;26.45;39.15;20.52
02/04/2018;51.84;27.24;42.87;22.86
03/04/2018;49.62;26.83;40.98;22.86
04/04/2018;48.68;26.76;40.31;23.08
05/04/2018;47.37;26.56;38.81;23.08
06/04/2018;49.8;27.18;41.24;23.08
09/04/2018;49.8;27.24;41.25;23.08
10/04/2018;49.8;26.8;40.21;23.08
11/04/2018;49.8;27.3;40.53;23.08
12/04/2018;48.09;26.72;38.87;23.08
13/04/2018;45.98;26.26;37.44;21.86
16/04/2018;43.65;25.52;35.56;21.32
17/04/2018;40.3001;25.03;33.43;21.32
18/04/2018;40.56;24.69;33.55;21.32
19/04/2018;40.97;24.73;34.06;21.32
20/04/2018;42.11;24.92;35.06;21.32
23/04/2018;41.6;24.885;34.67;21.32
24/04/2018;41.59;25.15;36.49;21.32
25/04/2018;44.55;25.44;36.77;21.1808
26/04/2018;42.4596;24.84;34.97;21.1808
27/04/2018;41.4248;24.75;34.29;21.1808
30/04/2018;41.02;24.71;34.33;21.1808
01/05/2018;42.3601;24.44;33.83;21.1808
02/05/2018;39.76;24.36;33.61;21.1808
03/05/2018;43;24.61;34.27;21.1808
04/05/2018;40.3;24.15;33.2;21.1808
07/05/2018;39.75;24.1;32.99;21.1808
08/05/2018;39.75;24.2;32.89;21.1808
09/05/2018;38.79;23.7;31.52;21.1808
10/05/2018;36.71;22.96;30.11;19.215
11/05/2018;35.83;22.79;29.62;19.215
14/05/2018;34.78;22.36;28.64;19.215
15/05/2018;37.3;22.96;30.67;19.215
16/05/2018;36.0652;22.64;29.57;19.215
17/05/2018;35.17;22.41;28.81;19.215
18/05/2018;35.42;22.67;29.19;19.215
21/05/2018;34;22.16;28.27;19.215
22/05/2018;34.2423;22.46;28.61;19.215
23/05/2018;33.98;22.19;28.09;19.215
24/05/2018;34.18;22.2;27.93;19.215
25/05/2018;33.82;22.17;28.29;19.215
29/05/2018;38.42;22.84;31.71;19.215
30/05/2018;36.56;22.93;30.16;19.215
31/05/2018;36.94;23.05;30.56;19.215
01/06/2018;35.13;22.55;29.28;19.215
04/06/2018;35.13;22.0808;28.05;19.215
05/06/2018;34.02;21.83;27.74;19.215
06/06/2018;32.44;21.42;26.68;19.215
07/06/2018;32.82;21.6;27.07;19.215
08/06/2018;32.4298;21.52;26.89;19.215
11/06/2018;32.0797;21.59;26.52;19.215
12/06/2018;31.98;21.61;26.4;19.215
13/06/2018;32.14;21.6125;26.75;19.215
14/06/2018;31.2716;21.4;25.9;19.215
15/06/2018;31.62;21.55;26.12;19.215
18/06/2018;31.2485;21.2677;25.79;19.215
19/06/2018;32.8385;21.64;27.04;19.215
20/06/2018;32.09;21.61;26.44;19.215
21/06/2018;34.21;21.98;28.18;18.235
22/06/2018;33.32;21.82;27.42;18.235
25/06/2018;38.1;22.96;31.42;18.235
26/06/2018;36.54;22.76;30.13;18.235
27/06/2018;38.5;23.33;31.85;18.235
28/06/2018;39.2;23.2;31.37;18.235
29/06/2018;36.92;23.02;30.52;18.235
02/07/2018;37.74;23.07;30.67;18.235
03/07/2018;37.74;23.29;30.91;18.235
05/07/2018;36.16;22.88;29.77;18.235
06/07/2018;34.3648;22.41;28.28;18.235
09/07/2018;32.48;21.56;26.76;18.235
10/07/2018;31.79;21.33;26.26;18.235
11/07/2018;32.84;21.67;27.14;18.235
12/07/2018;32;21.28;26.19;18.235
13/07/2018;31.7286;21.18;25.92;18.235
16/07/2018;31.24;21.22;25.75;18.235
17/07/2018;30.72;21.39;25.45;18.235
18/07/2018;30.56;21.42;25.23;18.235
19/07/2018;31.2;21.53;25.72;18.235
20/07/2018;31.267;21.58;25.81;18.235
23/07/2018;31.56;21.64;25.71;18.235
24/07/2018;30.74;21.47;25.2;18.235
25/07/2018;30.46;21.4499;25.12;18.235
26/07/2018;30.54;21.41;25.19;18.235
27/07/2018;31.54;21.66;25.89;18.235
30/07/2018;32.13;21.94;26.62;18.235
31/07/2018;31.38;21.7;25.88;18.235
01/08/2018;31;21.5;25.65;17.68
02/08/2018;30.68;21.46;25.38;17.68
03/08/2018;30.1401;21.42;24.99;17.68
06/08/2018;29.2677;21.06;24.01;17.68
07/08/2018;28.56;20.8;23.55;17.68
08/08/2018;28.0315;20.67;23.2;17.68
09/08/2018;28.53;20.81;23.52;17.68
10/08/2018;29.96;21.14;24.67;17.68
13/08/2018;31.7;21.68;26.16;17.68
14/08/2018;30.1;21.235;24.81;17.68
15/08/2018;31.98;21.64;26.37;17.68
16/08/2018;30.23;21.23;24.95;17.68
17/08/2018;29.49;21.0399;24.3;17.68
20/08/2018;28.88;20.78;23.83;17.68
21/08/2018;29.46;21.075;24.335;17.68
22/08/2018;28.95;20.99;24.04;17.68
23/08/2018;29.03;21;23.86;17.68
24/08/2018;28.86;20.85;23.74;17.68
27/08/2018;28.9;20.97;23.82;17.68
28/08/2018;28.9297;21.16;23.79;17.68
29/08/2018;28.65;21.2;23.79;17.68
30/08/2018;29.51;21.6615;24.28;17.68
31/08/2018;29.69;21.3;23.94;
04/09/2018;29.28;21.34;24.05;
05/09/2018;29.46;21.36;24.26;
06/09/2018;30.36;21.78;25.01;18.08
07/09/2018;30.81;21.95;25.43;18.08
10/09/2018;29.98;21.68;24.73;18.08
11/09/2018;29.1;21.34;23.96;18.08
12/09/2018;28.72;21.08;23.68;18.08
13/09/2018;27.94;20.77;22.99;17.28
14/09/2018;27.35;20.53;22.55;17.202
17/09/2018;28.2;20.78;23.17;17.202
18/09/2018;28.05;20.93;23.13;17.202
19/09/2018;27.08;20.73;22.3;17.202
20/09/2018;26.64;20.65;21.95;17.202
21/09/2018;26.5661;20.65;21.97;17.202
24/09/2018;26.67;20.59;21.97;17.202
25/09/2018;26.92;20.72;22.16;16.962
26/09/2018;27;20.83;22.38;17.17
27/09/2018;26.74;20.6001;21.98;17.17
28/09/2018;26.7;20.6811;21.94;17.17
01/10/2018;26.4;20.54;21.71;17.17
02/10/2018;26.4;20.53;21.75;17.17
03/10/2018;26.2;20.57;21.54;17.17
04/10/2018;27.8;20.98;22.87;17.17
05/10/2018;28.24;21.22;23.34;17.52
08/10/2018;28.64;21.33;23.59;17.52
09/10/2018;29.08;21.42;24.02;17.52
10/10/2018;33.95;23.15;27.94;17.52
11/10/2018;36.86;23.97;30.43;18.89
12/10/2018;34.07;23.03;28.01;19.06
15/10/2018;34.27;23.31;28.41;19.06
16/10/2018;32.08;22.68;26.44;19.26
17/10/2018;32.46;22.93;26.74;19.26
18/10/2018;34.85;23.36;28.53;19.26
19/10/2018;34.27;23.38;28.26;19.57
22/10/2018;34.58;23.4;28.44;19.57
23/10/2018;35.89;23.74;29.57;19.57
24/10/2018;38.66;24.86;32.2;19.57
25/10/2018;37.86;24.4;31.16;19.57
26/10/2018;39.99;25.33;33.08;19.57
29/10/2018;40.34;25.52;33.12;19.57
30/10/2018;38.81;25.3;31.99;19.57
31/10/2018;37.58;24.9;30.95;19.57
01/11/2018;36.37;24.3699;29.96;19.57
02/11/2018;36.66;24.54;30.16;19.57
05/11/2018;36.31;24.13;29.84;20.02
06/11/2018;35.08;23.71;28.87;19.7774
07/11/2018;32.65;22.84;26.83;19.15
08/11/2018;32.5;22.63;26.6;18.85
09/11/2018;33.2328;23.09;27.42;19.06
12/11/2018;36.06;23.97;29.65;19.06
13/11/2018;36.33;24.1999;29.92;20.14
14/11/2018;37.27;24.62;30.66;20.14
15/11/2018;36.88;24.66;30.36;20.14
16/11/2018;35.19;24.01;28.95;20.14
19/11/2018;37.25;24.84;30.67;20.14
20/11/2018;39.33;25.57;32.45;21.26
21/11/2018;38.41;25.55;31.67;21.4
23/11/2018;38.74;25.49;31.88;21.265
26/11/2018;36.55;24.8;30.07;20.7499
27/11/2018;35.9;24.56;29.49;20.4551
28/11/2018;34.84;23.97;28.64;20.46
29/11/2018;35.47;24.2999;29.2;20.12
30/11/2018;34.47;23.8;28.37;20.12
03/12/2018;32.6;23.0224;26.82;19.06
04/12/2018;36.84;24.34;30.27;20.04
06/12/2018;37.79;24.6;30.9;20.56
07/12/2018;40.32;25.2201;33.23;21.0645
10/12/2018;39.93;25.26;33.07;21.15
11/12/2018;39.9372;25.42;32.91;21.1525
12/12/2018;39.62;25.39;32.64;21.0921
13/12/2018;39.01;25.33;32.1;21.123
14/12/2018;40.6;25.76;33.37;21.4282
17/12/2018;42.59;26.36;35.08;22.05
18/12/2018;42.79;26.47;35.26;22.0055
19/12/2018;42.64;26.83;35.12;22.2221
20/12/2018;44.81;27.06;36.91;22.53
21/12/2018;47.07;27.25;38.83;22.66
24/12/2018;49.43;27.29;40.68;22.6791
26/12/2018;46.81;26.64;38.54;22.1177
27/12/2018;48.79;27.09;40.12;22.5759
28/12/2018;48.71;26.97;40.15;22.5461
31/12/2018;46.99;26.74;38.61;22.2897
02/01/2019;45.74;26.3899;37.46;22.0215
03/01/2019;47.64;27.29;39.22;22.65
04/01/2019;43.86;26.26;36.07;21.88
07/01/2019;42.88;26;35.31;21.5359
08/01/2019;42.01;25.69;34.57;21.4505
09/01/2019;41.02;25.48;33.77;21.2248
10/01/2019;40.59;25.5;33.42;21.2062
11/01/2019;39.27;25.2;32.33;20.9795
14/01/2019;39.38;24.99;32.46;20.8324
15/01/2019;37.67;24.471;31;20.33
16/01/2019;38.43;24.58;31.56;20.38
17/01/2019;38;24.64;31.24;20.4954
18/01/2019;37.06;24.17;30.45;20.06
22/01/2019;40.32;24.7407;33.24;20.6077
23/01/2019;40.1;24.93;32.92;20.7608
24/01/2019;38.68;24.3745;31.86;20.3541
25/01/2019;37.23;24.05;30.6366;20.01
28/01/2019;38.77;24.3712;31.95;20.31
29/01/2019;38.66;24.35;31.83;20.33
30/01/2019;36.96;23.97;30.41;20.02
31/01/2019;35.43;23.47;29.15;19.57
01/02/2019;35.09;23.26;28.86;19.43
04/02/2019;34;22.94;27.95;19.1
05/02/2019;33.71;22.67;27.75;18.88
06/02/2019;33.53;22.522;27.55;18.77
07/02/2019;34.65;22.75;28.51;18.97
08/02/2019;34.23;22.7463;28.17;18.97
11/02/2019;33.86;22.66;27.85;18.8827
12/02/2019;33.25;22.56;27.35;18.8
13/02/2019;33.17;22.37;27.26;18.65
14/02/2019;33.77;22.52;27.75;18.7739
15/02/2019;32.59;22.32;26.81;18.57
19/02/2019;32.69;22.11;26.87;18.43
20/02/2019;31.38;21.94;25.83;18.24
21/02/2019;31.79;21.9808;26.09;18.28
22/02/2019;30.59;21.67;25.13;18.01
25/02/2019;31.14;21.531;25.6;17.94
26/02/2019;31.4;21.68;25.83;18.09
27/02/2019;31.43;21.56;25.87;17.96
28/02/2019;31.41;21.5;25.82;17.9
01/03/2019;29.98;21.13;24.67;17.58
04/03/2019;30.71;21.44;25.27;17.9
05/03/2019;30.89;21.397;25.43;17.86
06/03/2019;31.8;21.77;26.08;18.14
07/03/2019;33.01;22.17;27.16;18.51
08/03/2019;33.23;22.36;27.32;18.67
11/03/2019;30.81;21.6;25.34;18
12/03/2019;29.94;21.4;24.6;17.82
13/03/2019;29.62;21.25;24.35;17.71
14/03/2019;29.13;21.21;23.97;17.71
15/03/2019;28.59;21.12;23.5;17.633
18/03/2019;28.66;21.1;23.56;17.6257
19/03/2019;28.85;21.33;23.75;17.8
20/03/2019;29.16;21.4;23.97;17.85
21/03/2019;28.78;21.3164;23.61;17.7462
22/03/2019;32.08;22.03;26.35;18.34
25/03/2019;32.24;22.19;26.4;18.48
26/03/2019;30.42;21.87;24.99;18.22
27/03/2019;30.88;22.14;25.37;18.46
28/03/2019;30.19;22.01;24.82;18.3905
29/03/2019;29.26;21.59;24.02;18.06
01/04/2019;28.74;21.32;23.62;17.7744
02/04/2019;28.66;21.41;23.55;17.95
03/04/2019;28.86;21.42;23.72;17.86
04/04/2019;28.57;21.38;23.52;17.7973
05/04/2019;28;21.12;23.01;17.64
08/04/2019;27.87;21;22.91;17.4692
09/04/2019;28.86;21.4;23.72;17.91
10/04/2019;28.05;21.28;23.08;17.78
11/04/2019;27.5;21.1;22.59;17.59
12/04/2019;26.26;21;21.55;17.55
15/04/2019;25.92;20.92;21.3;17.45
16/04/2019;25.71;21.17;21.16;17.68
17/04/2019;25.89;21.19;21.28;17.68
18/04/2019;25.48;21.11;20.93;17.6201
22/04/2019;25.25;20.95;20.76;17.47
23/04/2019;25.05;21.09;20.58;17.489
24/04/2019;25.7;20.98;21.07;17.5211
25/04/2019;26.2;21.3;21.5;17.76
26/04/2019;25.29;21.03;20.8;17.54
29/04/2019;25.68;21.23;21.09;17.65
30/04/2019;25.68;21.18;21.12;17.68
01/05/2019;26.65;21.53;21.9;17.95
02/05/2019;26.69;21.68;21.93;18.1143
03/05/2019;25.42;21.17;20.89;17.61
06/05/2019;26.86;21.4;22.01;17.89
07/05/2019;31.33;22.77;25.7;19.02
08/05/2019;30.71;22.33;25.2;18.65
09/05/2019;30.55;22.36;25.17;18.74
10/05/2019;28.19;21.63;23.22;18.01
13/05/2019;32.45;23.01;26.61;19.1562
14/05/2019;30.65;22.25;25.18;18.59
15/05/2019;29.36;21.99;24.14;18.24
16/05/2019;28.1;21.7;23.12;18.03
17/05/2019;28.52;21.81;23.44;18.14
20/05/2019;28.94;21.96;23.79;18.3
21/05/2019;27.48;21.68;22.61;18.08
22/05/2019;27.22;21.58;22.36;17.99
23/05/2019;29.02;22.15;23.84;18.47
24/05/2019;28.42;22.29;23.36;18.57
28/05/2019;29.27;22.34;24.05;18.63
29/05/2019;29.84;22.58;24.53;18.83
30/05/2019;29.31;22.44;24.02;18.78
31/05/2019;30.42;22.88;25.07;19.08
03/06/2019;30.73;22.91;25.23;19.14
04/06/2019;29.02;22.27;23.87;18.63
05/06/2019;28.46;22;23.36;18.36
06/06/2019;27.85;21.89;22.9;18.25
07/06/2019;28.06;21.95;23.09;18.3
10/06/2019;27.86;21.76;22.86;18.17
11/06/2019;27.91;21.92;22.94;18.24
12/06/2019;27.78;21.94;22.8;18.37
13/06/2019;27.61;21.95;22.7;18.35
14/06/2019;27.32;21.81;22.48;18.2
17/06/2019;27.03;21.66;22.22;18.07
18/06/2019;26.82;21.75;22.05;18.13
19/06/2019;25.93;21.62;21.29;18.04
20/06/2019;26.01;21.35;21.39;17.8
21/06/2019;26.62;21.8;21.9;18.22
24/06/2019;26.38;21.76;21.68;18.1
25/06/2019;27.05;22.06;22.27;18.41
26/06/2019;26.84;22.05;22.06;18.33
27/06/2019;26.42;21.93;21.69;18.24
28/06/2019;26;21.63;21.4;18.03
01/07/2019;24.56;21.14;20.17;17.6
02/07/2019;23.65;20.91;19.42;17.46
03/07/2019;23.51;20.8;19.32;17.37
05/07/2019;23.58;20.69;19.39;17.313
08/07/2019;24.23;21.12;19.91;17.63
09/07/2019;24.3;21.19;19.99;17.66
10/07/2019;23.56;21.02;19.37;17.47
11/07/2019;23.17;20.86;19.04;17.36
12/07/2019;22.8;20.83;18.7;17.3484
15/07/2019;22.71;20.78;18.69;17.31
16/07/2019;22.78;21.08;18.75;17.6
17/07/2019;23.36;21.23;19.18;17.7
18/07/2019;23.115;21.29;19.01;17.81
19/07/2019;23.38;21.34;19.22;17.79
22/07/2019;22.91;21.42;18.82;17.86
23/07/2019;22.1;20.9;18.18;17.38
24/07/2019;21.54;20.6165;17.7;17.18
25/07/2019;22.2;20.92;18.26;17.49
26/07/2019;21.64;20.81;17.8;17.31
29/07/2019;21.83;20.77;17.92;17.33
30/07/2019;22.34;20.87;18.37;17.4231
31/07/2019;23.59;21.69;19.4;18.05
01/08/2019;25.45;21.9;20.9;18.3
02/08/2019;25.66;21.96;21.05;18.35
05/08/2019;29.3;22.96;24.15;19.12
06/08/2019;27.48;22.68;22.62;19.03
07/08/2019;27.62;22.54;22.72;18.87
08/08/2019;25.98;21.87;21.35;18.34
09/08/2019;26.93;22.35;22.15;18.62
12/08/2019;28.89;23.06;23.76;19.295
13/08/2019;26.76;22.33;21.98;18.68
14/08/2019;30.465;23.93;25.06;20.16
15/08/2019;29.67;23.54;24.44;19.65
16/08/2019;28.03;23.1;23.08;19.11
19/08/2019;25.98;22.5;21.35;18.75
20/08/2019;26.6;22.9;21.86;19.16
21/08/2019;25.3;22.64;20.82;18.88
22/08/2019;25.75;22.72;21.15;18.94
23/08/2019;28.96;24.1;23.78;20.07
26/08/2019;28.1;23.86;23.15;19.96
27/08/2019;28.67;24.08;23.57;20.11
28/08/2019;28.02;23.95;23.03;19.99
29/08/2019;26.85;23.44;22.1;19.57
30/08/2019;27;23.6;22.12;19.7314
03/09/2019;28.19;24.25;23.23;20.17
04/09/2019;26.45;23.39;21.76;19.5
05/09/2019;25.47;23.05;20.91;19.12
06/09/2019;24.72;22.89;20.34;19.08
09/09/2019;24.48;22.68;20.12;18.97
10/09/2019;24.4;22.84;20.1;19.077
11/09/2019;24.02;22.79;19.71;19.02
12/09/2019;23.45;22.595;19.24;18.76
13/09/2019;23.08;22.53;18.95;18.8272
16/09/2019;23.42;22.89;19.25;18.9927
17/09/2019;23.31;23.1001;19.17;19.32
18/09/2019;22.56;22.94;18.53;19.07
19/09/2019;22.15;22.75;18.21;18.97
20/09/2019;23.29;23.38;19.09;19.4587
23/09/2019;23.09;23.41;18.97;19.5455
24/09/2019;24.16;23.72;19.85;19.85
25/09/2019;23.61;23.53;19.42;19.65
26/09/2019;23.81;23.72;19.55;19.77
27/09/2019;24.46;23.9;20.09;20.01
30/09/2019;23.74;23.67;19.52;19.79
01/10/2019;24.79;24.12;20.37;20.12
02/10/2019;26.45;24.76;21.75;20.65
03/10/2019;25.44;24.5199;20.94;20.41
04/10/2019;24.09;23.94;19.79;19.93
07/10/2019;24.27;23.91;20;19.89
08/10/2019;26.24;24.82;21.59;20.8
09/10/2019;25.36;24.55;20.79;20.53
10/10/2019;24.43;24.19;20.12;20.2142
11/10/2019;23.02;23.66;18.97;19.66
14/10/2019;22.27;23.41;18.32;19.55
15/10/2019;21.69;23.17;17.81;19.37
16/10/2019;21.42;23.1756;17.58;19.3412
17/10/2019;21.29;22.96;17.5;19.21
18/10/2019;21.24;23.29;17.47;19.37
21/10/2019;20.68;22.91;17;19.11
22/10/2019;21.01;22.98;17.26;19.23
23/10/2019;20.75;22.95;17.05;19.15
24/10/2019;20.46;22.87;16.82;19.0668
25/10/2019;19.79;22.56;16.25;18.859
28/10/2019;19.98;22.64;16.43;18.8793
29/10/2019;19.96;22.79;16.42;19
30/10/2019;19.47;22.66;16;18.88
31/10/2019;19.75;22.83;16.26;19.01
01/11/2019;18.87;22.44;15.52;18.7
04/11/2019;18.9;22.33;15.56;18.6419
05/11/2019;19.29;22.54;15.87;18.8
06/11/2019;19.22;22.7165;15.8;18.94
07/11/2019;19.04;22.67;15.65;18.95
08/11/2019;18.64;22.51;15.32;18.7934
11/11/2019;18.57;22.5;15.28;18.727
12/11/2019;18.35;22.47;15.1;18.74
13/11/2019;18.48;22.52;15.2;18.73
14/11/2019;18.18;22.38;14.97;18.63
15/11/2019;17.4;22.09;14.32;18.39
18/11/2019;17.38;22.14;14.3;18.45
19/11/2019;17.57;22.26;14.45;18.54
20/11/2019;17.75;22.51;14.59;18.78
21/11/2019;17.79;22.71;14.62;18.94
22/11/2019;17.28;22.54;14.2;18.83
25/11/2019;16.53;22.13;13.57;18.48
26/11/2019;16.29;21.9277;13.39;18.265
27/11/2019;16.21;21.92;13.33;18.29
29/11/2019;16.54;22.11;13.55;18.43
02/12/2019;17.4;22.68;14.31;18.92
03/12/2019;18.41;22.95;15.13;19.14
04/12/2019;17.56;22.71;14.43;18.94
05/12/2019;17.33;22.65;14.25;18.888
06/12/2019;16.73;22.18;13.77;18.49
09/12/2019;17.6;22.5;14.47;18.7552
10/12/2019;17.63;22.69;14.48;18.84
11/12/2019;17.22;22.3;14.19;18.62
12/12/2019;16.2;21.83;13.38;18.25
13/12/2019;15.53;21.32;12.78;17.82
16/12/2019;15.2;21.09;12.49;17.65
17/12/2019;15.09;21.3032;12.39;17.8067
18/12/2019;15.24;21.33;12.53;17.79
19/12/2019;14.86;21.08;12.22;17.582
20/12/2019;15.04;21.01;12.35;17.58
23/12/2019;15.09;21.11;12.41;17.61
24/12/2019;14.94;21.08;12.28;17.55
26/12/2019;14.92;21.02;12.25;17.5914
27/12/2019;15.23;21.28;12.52;17.7682
30/12/2019;15.76;21.7499;12.97;18.06
31/12/2019;15.12;21.29;12.43;17.81
02/01/2020;14.51;20.82;11.95;17.41
03/01/2020;15.29;21.1895;12.55;17.73
06/01/2020;15.08;21.1;12.4;17.63
07/01/2020;15.01;21.04;12.35;17.56
08/01/2020;14.8;20.85;12.11;17.37
09/01/2020;14.18;20.51;11.676;17.06
10/01/2020;14.12;20.38;11.61;16.96
13/01/2020;13.76;20.23;11.3;16.85
14/01/2020;13.66;20.19;11.24;16.83
15/01/2020;13.62;20.11;11.19;16.71
16/01/2020;13.29;19.78;10.93;16.53
17/01/2020;13.32;19.83;10.96;16.5
21/01/2020;13.43;19.83;11.03;16.54
22/01/2020;13.54;19.8967;11.1;16.6025
23/01/2020;13.49;19.98;11.07;16.67
24/01/2020;14.24;20.25;11.71;16.86
27/01/2020;15.71;20.97;12.92;17.49
28/01/2020;14.83;20.5372;12.19;17.09
29/01/2020;14.85;20.63;12.2;17.23
30/01/2020;14.6;20.44;12.01;16.98
31/01/2020;16.2;21.15;13.37;17.65
03/02/2020;15.58;20.88;12.87;17.38
04/02/2020;14.83;20.16;12.17;16.83
05/02/2020;14.2;19.93;11.69;16.64
06/02/2020;14.09;19.88;11.58;16.56
07/02/2020;14.38;20.09;11.73;16.7803
10/02/2020;14.1;20.0069;11.6;16.65
11/02/2020;14.12;20;11.62;16.6823
12/02/2020;13.4;19.78;11.06;16.44
13/02/2020;13.69;19.93;11.25;16.67
14/02/2020;13.52;19.9;11.1;16.55
18/02/2020;13.76;20.15;11.29;16.84
19/02/2020;13.56;20.095;11.15;16.76
20/02/2020;14.04;20.24;11.51;16.886
21/02/2020;14.9;20.55;12.26;17.17
24/02/2020;17.67;21.6;14.51;18.05
25/02/2020;19.34;22.4512;15.91;18.78
26/02/2020;18.93;22.35;15.54;18.74
27/02/2020;22;23.57;18.06;19.73
28/02/2020;22.81;23.6;18.84;19.75
02/03/2020;22.03;23.27;18.06;19.47
03/03/2020;24.45;24.39;20.11;20.33
04/03/2020;23;24.07;19.02;20.07
05/03/2020;26.68;26.01;22.04;21.72
06/03/2020;29.82;27.81;24.33;23.07
09/03/2020;36.96;31.32;31;26.08
10/03/2020;34.11;30.11;27.97;25.17
11/03/2020;38.66;31.99;31.42;26.7
12/03/2020;47.36;34.79;38.96;29.1
13/03/2020;43.2;33.16;35.5;27.69
16/03/2020;59.21;39.2;49.38;32.77
17/03/2020;58.51;39.61;48.18;32.94
18/03/2020;69;46.58;56.3;38.54
19/03/2020;62;44.15;51;36.93
20/03/2020;60.55;44.47;50.02;37.19
23/03/2020;51.13;39.74;42.18;33.49
24/03/2020;47.15;34.16;38.48;28.37
25/03/2020;50.9;40.0617;41.6;33.42
26/03/2020;45.62;36.88;37.95;31.03
27/03/2020;50.6;39.22;41.31;32.86
30/03/2020;48.63;38.21;39.99;31.95
31/03/2020;46.25;38.4421;37.93;31.96
01/04/2020;50.22;41.69;41.19;34.74
02/04/2020;47.36;41.32;38.95;34.415
03/04/2020;45.45;40.62;37.25;33.93
06/04/2020;42.21;38.6;34.6;32.45
07/04/2020;43.41;39.57;35.61;32.816
08/04/2020;42.4;39.29;34.87;32.8667
09/04/2020;41.57;38.86;34.12;32.3153
13/04/2020;40.71;38.37;33.4;31.97
14/04/2020;37.41;37.62;30.72;31.35
15/04/2020;40.41;39.35;33.27;32.79
16/04/2020;40.74;39.71;33.46;33.11
17/04/2020;39.05;39.03;32.08;32.52
20/04/2020;42.84;40.93;35.24;34.07
21/04/2020;46.42;42.57;38.1;35.52
22/04/2020;44.19;42.25;36.26;35.26
23/04/2020;44.06;42.24;36.24;35.11
24/04/2020;41.52;40.85;34.25;33.97
27/04/2020;38.46;39.2996;31.55;32.71
28/04/2020;39.07;39.7;32.09;33
29/04/2020;36.705;38.56;30.08;32.16
30/04/2020;37.87;38.96;31.07;32.57
01/05/2020;41.19;41.79;33.77;34.78
04/05/2020;40.26;41.68;33.08;34.7234
05/05/2020;38.67;40.68;31.81;33.9716
06/05/2020;39.21;40.99;32.17;34.21
07/05/2020;37.47;40.05;30.87;33.42
08/05/2020;34.95;38.78;28.74;32.38
11/05/2020;32.62;37.64;26.77;31.39
12/05/2020;35.9;39.768;29.47;33.28
13/05/2020;39.65;41.55;32.49;34.62
14/05/2020;37.47;40.96;30.9;34.11
15/05/2020;36.6;40.95;30.06;34.2534
18/05/2020;34.24;39.25;28.14;32.8
19/05/2020;36.03;40.13;29.56;33.48
20/05/2020;33.7;39.36;27.77;32.87
21/05/2020;34.68;40;28.38;33.39
22/05/2020;34.35;39.99;28.16;33.3739
26/05/2020;33.83;39.57;27.8;33.0839
27/05/2020;33.15;39.06;27.16;32.6661
28/05/2020;34.48;39.85;28.21;33.12
29/05/2020;33.13;39.56;27.3;32.9516
01/06/2020;33.42;39.6;27.43;32.9819
02/06/2020;32.49;39.25;26.69;32.69
03/06/2020;31.09;38.33;25.52;31.97
04/06/2020;30.84;38.16;25.28;31.8082
05/06/2020;29.17;36.41;23.92;30.46
08/06/2020;29.82;36.73;24.45;30.66
09/06/2020;31.27;38.01;25.68;31.67
10/06/2020;31.13;37.59;25.52;31.3081
11/06/2020;41.61;42.78;34.09;35.82
12/06/2020;38.71;42.2;31.73;35.24
15/06/2020;37.72;41.51;30.96;34.81
16/06/2020;36.87;41.35;30.33;34.5
17/06/2020;36.98;41.51;30.27;34.6725
18/06/2020;36.31;41.41;29.76;34.67
19/06/2020;36.89;42.23;30.24;35.05
22/06/2020;35.09;41.1909;28.75;34.4129
23/06/2020;34.45;40.2879;28.19;33.6
24/06/2020;36.72;42.35;30.14;35.46
25/06/2020;35.39;41.25;28.96;34.3
26/06/2020;37.5;43.29;30.77;36.07
29/06/2020;35.68;41.86;29.28;34.94
30/06/2020;33.95;40.24;27.76;33.6699
01/07/2020;32.89;39.83;26.98;33.2
02/07/2020;32.32;39.93;26.52;33.225
06/07/2020;32.28;39.54;26.5;32.9757
07/07/2020;33.39;40.49;27.28;33.691
08/07/2020;32.55;39.89;26.66;33.27
09/07/2020;33.06;40.3441;27.1;33.6575
10/07/2020;32.15;40.0405;26.41;33.3999
13/07/2020;35.24;42.6;28.93;35.455
14/07/2020;33.21;40.9;27.21;34.09
15/07/2020;32.26;40.79;26.49;33.99
16/07/2020;31.76;40.43;26.01;33.7733
17/07/2020;30.62;39.83;25.08;33.2
20/07/2020;29.23;38.7632;23.92;32.34
21/07/2020;29.49;38.85;24.13;32.4502
22/07/2020;29.16;38.75;23.87;32.326
23/07/2020;30.07;39.37;24.6;32.8693
24/07/2020;30.17;39.81;24.7;33.21
27/07/2020;29.34;39.64;24.01;33.0388
28/07/2020;29.17;39.78;23.87;33.1248
29/07/2020;28.57;39.53;23.38;32.9562
30/07/2020;29.2;40.17;23.93;33.55
31/07/2020;28.52;39.68;23.44;33.1
03/08/2020;28.46;39.7894;23.3;33.21
04/08/2020;27.62;39.07;22.6;32.55
05/08/2020;27.04;38.755;22.15;32.37
06/08/2020;26.74;38.64;21.9;32.2908
07/08/2020;26.53;38.79;21.75;32.4
10/08/2020;25.75;38.26;21.1;31.93
11/08/2020;26.95;39.105;22.09;32.66
12/08/2020;25.53;38.21;20.89;31.83
13/08/2020;25.51;38.64;20.89;32.21
14/08/2020;25.44;38.95;20.91;32.5063
17/08/2020;24.59;38.34;20.11;31.98
18/08/2020;24.33;37.9274;19.92;31.68
19/08/2020;24.77;38.6;20.31;32.21
20/08/2020;24.5;38.45;20.09;32.11
21/08/2020;24.63;39.09;20.18;32.6763
24/08/2020;24.52;39.26;20.11;32.7329
25/08/2020;24.39;39.06;19.97;32.66
26/08/2020;24.93;39.38;20.43;32.74
27/08/2020;25.72;39.34;21.08;32.8166
28/08/2020;25.58;39.36;20.97;32.9081
31/08/2020;26.85;40.1;21.97;33.3878
01/09/2020;27.27;40.48;22.37;33.7372
02/09/2020;27.94;41.34;22.97;34.495
03/09/2020;31.71;42.03;26.01;35.06
04/09/2020;28.92;40.82;23.84;34.099
08/09/2020;28.28;40.36;23.16;33.79
09/09/2020;26.83;39.36;21.99;32.79
10/09/2020;27.13;39.64;22.24;33.12
11/09/2020;25.52;38.83;20.88;32.539
14/09/2020;25.07;39.2529;20.55;32.7728
15/09/2020;25.03;39.34;20.54;32.8544
16/09/2020;24.96;39.93;20.42;33.2619
17/09/2020;24.39;40.43;19.97;33.89
18/09/2020;24.37;40.9;19.98;34.17
21/09/2020;25.16;41.35;20.64;34.465
22/09/2020;25.36;41.7605;20.78;34.91
23/09/2020;26.7;42.74;21.89;35.63
24/09/2020;26.19;42.22;21.5;35.2647
25/09/2020;25.54;41.58;20.92;34.6639
28/09/2020;25.36;41.2;20.85;34.45
29/09/2020;24.94;40.83;20.44;34.0301
30/09/2020;24.9;40.68;20.41;33.9961
01/10/2020;25.01;41.22;20.51;34.4224
02/10/2020;25.78;41.73;21.09;34.97
05/10/2020;24.97;40.84;20.47;34.13
06/10/2020;25.32;40.88;20.73;34.12
07/10/2020;24.49;40.71;20.08;33.89
08/10/2020;23.51;40.24;19.29;33.55
09/10/2020;22.29;39.14;18.27;32.61
12/10/2020;21.85;38.65;17.93;32.3
13/10/2020;22.15;38.72;18.12;32.33
14/10/2020;21.92;38.53;17.97;32.1658
15/10/2020;22.11;38.57;18.11;32.22
16/10/2020;22.27;38.84;18.23;32.4367
19/10/2020;23.24;39.92;19.04;33.2733
20/10/2020;23.23;39.55;19.03;32.97
21/10/2020;22.68;38.96;18.57;32.48
22/10/2020;22.15;38.65;18.15;32.3
23/10/2020;22.17;38.74;18.17;32.3131
26/10/2020;24.17;40.39;19.76;33.68
27/10/2020;24.27;40.35;19.85;33.697
28/10/2020;27.73;43;22.71;35.59
29/10/2020;25.75;40.88;20.8;34.22
30/10/2020;26.53;41.21;21.73;34.86
02/11/2020;25.94;40.52;21.26;33.99
03/11/2020;24.51;39.57;20.14;33.13
04/11/2020;22.35;38.8;18.37;32.45
05/11/2020;21.98;38.71;18.02;32.41
06/11/2020;20.52;38.07;16.85;31.95
09/11/2020;20.07;36.01;16.47;30.1
10/11/2020;19.47;36.19;15.94;30.38
11/11/2020;18.99;36.18;15.62;30.2
12/11/2020;20.33;37.08;16.67;31.25
13/11/2020;19.08;36.17;15.64;30.11
16/11/2020;18.54;36.44;15.24;30.56
17/11/2020;18.3;36.25;15;30.28
18/11/2020;18.84;37.1;15.56;31.15
19/11/2020;18.64;36.9;15.27;30.92
20/11/2020;18.6;36.66;15.22;30.98
23/11/2020;18.36;36.57;15.03;30.73
24/11/2020;18.05;36.645;14.8;30.71
25/11/2020;17.39;36;14.26;30.24
27/11/2020;17.51;36.0097;14.35;30.26
30/11/2020;17.18;35.82;14.07;30.04
01/12/2020;17.35;36.04;14.18;30.1
02/12/2020;17.26;35.9419;14.12;30.1582
03/12/2020;17.42;36.01;14.23;30.235
04/12/2020;17.11;35.85;14.02;30.04
07/12/2020;17.21;36;14.1;30.21
08/12/2020;16.59;35.71;13.61;29.9549
09/12/2020;17.2;36.3425;14.1;30.47
10/12/2020;17.36;36.64;14.22;30.69
11/12/2020;18;37.38;14.76;31.43
14/12/2020;18.41;37.63;15.11;31.5118
15/12/2020;17.56;37.4;14.4;31.38
16/12/2020;16.99;36.96;13.9;30.8
17/12/2020;16.75;36.61;13.75;30.66
18/12/2020;17.08;37.1047;14.08;31.05
21/12/2020;18.44;37.55;15.1;31.58
22/12/2020;18.11;37.849;14.81;31.65
23/12/2020;17.38;37.04;14.24;30.885
24/12/2020;16.88;36.59;13.85;30.96
28/12/2020;16.82;36.49;13.75;30.52
29/12/2020;17.43;37.34;14.29;31.36
30/12/2020;16.8;36.5839;13.75;30.72
31/12/2020;16.79;36.7;13.74;30.77
;;;;
;;;;
;;;;
;;;;
;;;;
;;;;
;;;;
;;;;
;;;;
;;;;
;;;;
;;;;
;;;;
;;;;
;;;;
;;;;
;;;;
;;;;
;;;;
;;;;
;;;;
;;;;
;;;;
;;;;
;;;;
;;;;
;;;;
;;;;
;;;;
;;;;
;;;;
;;;;
;;;;
;;;;
;;;;
;;;;
;;;;
;;;;
;;;;
;;;;
;;;;
;;;;
;;;;
;;;;
;;;;
;;;;
;;;;
;;;;
;;;;
;;;;
;;;;
;;;;
;;;;
;;;;
;;;;
;;;;
;;;;
;;;;
;;;;
;;;;
;;;;
;;;;
;;;;
;;;;
;;;;
;;;;
;;;;
;;;;
;;;;
;;;;
;;;;
;;;;
;;;;
;;;;
;;;;
;;;;
;;;;
;;;;
;;;;
;;;;
;;;;
;;;;
;;;;
;;;;
;;;;
;;;;
;;;;
;;;;
;;;;
;;;;
;;;;
;;;;
;;;;
;;;;
;;;;
;;;;
;;;;
;;;;
;;;;
;;;;
;;;;
;;;;
;;;;
;;;;
;;;;
;;;;
;;;;
;;;;
;;;;
;;;;
;;;;
;;;;
;;;;
;;;;
;;;;
;;;;
;;;;
;;;;
;;;;
;;;;
;;;;
;;;;
;;;;
;;;;
;;;;
;;;;
;;;;
;;;;
;;;;
;;;;
;;;;
;;;;
;;;;
;;;;
;;;;
;;;;
;;;;
;;;;
;;;;
;;;;
;;;;
;;;;
;;;;
;;;;
;;;;
;;;;
;;;;
;;;;
;;;;
;;;;
;;;;
;;;;
;;;;
;;;;
;;;;
;;;;
;;;;
;;;;
;;;;
;;;;
;;;;
;;;;
;;;;
;;;;
;;;;
;;;;
;;;;
;;;;
;;;;
;;;;
;;;;
;;;;
;;;;
;;;;
;;;;
;;;;
;;;;
;;;;
;;;;
;;;;
;;;;
;;;;
;;;;
;;;;
;;;;
;;;;
;;;;
;;;;
;;;;
;;;;
;;;;
;;;;
;;;;
;;;;
;;;;
;;;;
;;;;
;;;;
;;;;
;;;;
;;;;
;;;;
;;;;
;;;;
;;;;
;;;;
;;;;
;;;;
;;;;
;;;;
;;;;
;;;;
;;;;
;;;;
;;;;
;;;;
;;;;
;;;;
;;;;
;;;;
;;;;
;;;;
;;;;
;;;;
;;;;
;;;;
;;;;
;;;;
;;;;
;;;;
;;;;
;;;;
;;;;
;;;;
;;;;
;;;;
;;;;
;;;;
;;;;
;;;;
;;;;
;;;;
;;;;
;;;;
;;;;
;;;;
;;;;
;;;;
;;;;
;;;;
;;;;
;;;;
;;;;
;;;;
;;;;
;;;;
;;;;
;;;;
;;;;
;;;;
;;;;
;;;;
